canonical_id,name_id,code,team,effective_week,status,previous_TEAM,previous_OFF,previous_DEF,reviewed_TEAM,reviewed_OFF,reviewed_DEF,requested_TEAM,requested_OFF,requested_DEF,exported_TEAM,exported_OFF,exported_DEF,change_TEAM,change_OFF,change_DEF,TEAM_rounding_effect,OFF_rounding_effect,DEF_rounding_effect,bound_flags,rule,notes,relationship_residual_OFF_plus_DEF_minus_2TEAM,overall_sort_rank
5,team-005-georgia,UGA,Georgia,2026-W07,APPROVED_EXACT_CHAIRMAN_TRIPLE,99,99,99,95,98,92,97,96,99,97,96,99,-2,-3,0,0,0,0,defense=99,97/96/99 is how I want Georgia,Exact Chairman triple supersedes earlier DEF-3.5. Preserve97/96/99 unchanged. Georgia-only explicit exception: OFF+DEF=195 differs from2TEAM=194; no automatic normalization.,1,1
58,team-058-miami,MIA,Miami,2026-W07,APPROVED_REMAINDER,97,97,97,97,99,95,97,99,95,97,99,95,0,2,-2,0,0,0,offense=99,Rest of Week 7 = Approved,Approved unchanged from reviewed REAL50 candidate; effective Week 7.,0,2
120,team-120-notre-dame,ND,Notre Dame,2026-W07,APPROVED_REMAINDER,98,98,98,95,96,94,95,96,94,95,96,94,-3,-2,-4,0,0,0,,Rest of Week 7 = Approved,Approved unchanged from reviewed REAL50 candidate; effective Week 7.,0,3
1,team-001-alabama,ALA,Alabama,2026-W07,APPROVED_REMAINDER,95,97,93,94,99,89,94,99,89,94,99,89,-1,2,-4,0,0,0,offense=99,Rest of Week 7 = Approved,Approved unchanged from reviewed REAL50 candidate; effective Week 7.,0,4
26,team-026-ohio-state,OSU,Ohio State,2026-W07,APPROVED_REMAINDER,98,99,97,94,96,92,94,96,92,94,96,92,-4,-3,-5,0,0,0,,Rest of Week 7 = Approved,Approved unchanged from reviewed REAL50 candidate; effective Week 7.,0,5
18,team-018-indiana,IU,Indiana,2026-W07,APPROVED_EXPLICIT,98,98,98,93,92,94,93,92,94,93,92,94,-5,-6,-4,0,0,0,,Explicit team ruling / tested ECL option,Chairman approved these exact Week 7 values.,0,6
14,team-014-texas,TEX,Texas,2026-W07,APPROVED_EXPLICIT,99,99,99,93,91,95,93,91,95,93,91,95,-6,-8,-4,0,0,0,,Explicit team ruling / tested ECL option,Chairman approved these exact Week 7 values. Explicitly limited to Week 7; no automatic future-week carryover.,0,7
47,team-047-texas-tech,TTU,Texas Tech,2026-W07,APPROVED_REMAINDER,97,97,97,93,92,94,93,92,94,93,92,94,-4,-5,-3,0,0,0,,Rest of Week 7 = Approved,Approved unchanged from reviewed REAL50 candidate; effective Week 7.,0,8
37,team-037-byu,BYU,BYU,2026-W07,APPROVED_REMAINDER,96,95,97,92,90,94,92,90,94,92,90,94,-4,-5,-3,0,0,0,,Rest of Week 7 = Approved,Approved unchanged from reviewed REAL50 candidate; effective Week 7.,0,9
27,team-027-oregon,ORE,Oregon,2026-W07,APPROVED_REMAINDER,94,96,92,92,96,88,92,96,88,92,96,88,-2,0,-4,0,0,0,,Rest of Week 7 = Approved,Approved unchanged from reviewed REAL50 candidate; effective Week 7.,0,10
49,team-049-utah,UTAH,Utah,2026-W07,APPROVED_REMAINDER,97,97,97,92,92,92,92,92,92,92,92,92,-5,-5,-5,0,0,0,,Rest of Week 7 = Approved,Approved unchanged from reviewed REAL50 candidate; effective Week 7.,0,11
7,team-007-lsu,LSU,LSU,2026-W07,APPROVED_REMAINDER,95,95,95,91,92,90,91,92,90,91,92,90,-4,-3,-5,0,0,0,,Rest of Week 7 = Approved,Approved unchanged from reviewed REAL50 candidate; effective Week 7.,0,12
41,team-041-houston,HOU,Houston,2026-W07,APPROVED_REMAINDER,91,92,90,90,92,88,90,92,88,90,92,88,-1,0,-2,0,0,0,,Rest of Week 7 = Approved,Approved unchanged from reviewed REAL50 candidate; effective Week 7.,0,13
13,team-013-tennessee,TENN,Tennessee,2026-W07,APPROVED_REMAINDER,95,94,96,90,90,90,90,90,90,90,90,90,-5,-4,-6,0,0,0,,Rest of Week 7 = Approved,Approved unchanged from reviewed REAL50 candidate; effective Week 7.,0,14
31,team-031-ucla,UCLA,UCLA,2026-W07,APPROVED_REMAINDER,91,92,90,90,93,87,90,93,87,90,93,87,-1,1,-3,0,0,0,,Rest of Week 7 = Approved,Approved unchanged from reviewed REAL50 candidate; effective Week 7.,0,15
35,team-035-arizona,ARIZ,Arizona,2026-W07,APPROVED_REMAINDER,93,92,94,88,87,89,88,87,89,88,87,89,-5,-5,-5,0,0,0,,Rest of Week 7 = Approved,Approved unchanged from reviewed REAL50 candidate; effective Week 7.,0,16
54,team-054-duke,DUKE,Duke,2026-W07,APPROVED_REMAINDER,92,91,93,87,85,89,87,85,89,87,85,89,-5,-6,-4,0,0,0,,Rest of Week 7 = Approved,Approved unchanged from reviewed REAL50 candidate; effective Week 7.,0,17
4,team-004-florida,FLA,Florida,2026-W07,APPROVED_REMAINDER,89,91,87,87,93,81,87,93,81,87,93,81,-2,2,-6,0,0,0,,Rest of Week 7 = Approved,Approved unchanged from reviewed REAL50 candidate; effective Week 7.,0,18
24,team-024-nebraska,NEB,Nebraska,2026-W07,APPROVED_REMAINDER,87,89,85,87,90,84,87,90,84,87,90,84,0,1,-1,0,0,0,,Rest of Week 7 = Approved,Approved unchanged from reviewed REAL50 candidate; effective Week 7.,0,19
45,team-045-oklahoma-state,OKST,Oklahoma State,2026-W07,APPROVED_REMAINDER,88,90,86,87,88,86,87,88,86,87,88,86,-1,-2,0,0,0,0,,Rest of Week 7 = Approved,Approved unchanged from reviewed REAL50 candidate; effective Week 7.,0,20
62,team-062-smu,SMU,SMU,2026-W07,APPROVED_REMAINDER,93,91,95,87,87,87,87,87,87,87,87,87,-6,-4,-8,0,0,0,,Rest of Week 7 = Approved,Approved unchanged from reviewed REAL50 candidate; effective Week 7.,0,21
32,team-032-usc,USC,USC,2026-W07,APPROVED_REMAINDER,93,95,91,87,91,83,87,91,83,87,91,83,-6,-4,-8,0,0,0,,Rest of Week 7 = Approved,Approved unchanged from reviewed REAL50 candidate; effective Week 7.,0,22
68,team-068-boise-state,BOISE,Boise State,2026-W07,APPROVED_REMAINDER,87,87,87,86,86,86,86,86,86,86,86,86,-1,-1,-1,0,0,0,,Rest of Week 7 = Approved,Approved unchanged from reviewed REAL50 candidate; effective Week 7.,0,23
19,team-019-iowa,IOWA,Iowa,2026-W07,APPROVED_REMAINDER,91,89,93,86,82,90,86,82,90,86,82,90,-5,-7,-3,0,0,0,,Rest of Week 7 = Approved,Approved unchanged from reviewed REAL50 candidate; effective Week 7.,0,24
116,team-116-lehigh,LEH,Lehigh,2026-W07,APPROVED_REMAINDER,85,85,85,86,86,86,86,86,86,86,86,86,1,1,1,0,0,0,,Rest of Week 7 = Approved,Approved unchanged from reviewed REAL50 candidate; effective Week 7.,0,25
90,team-090-memphis,MEM,Memphis,2026-W07,APPROVED_REMAINDER,86,87,85,86,89,83,86,89,83,86,89,83,0,2,-2,0,0,0,,Rest of Week 7 = Approved,Approved unchanged from reviewed REAL50 candidate; effective Week 7.,0,26
8,team-008-mississippi-state,MSST,Mississippi State,2026-W07,APPROVED_REMAINDER,89,90,88,86,89,83,86,89,83,86,89,83,-3,-1,-5,0,0,0,,Rest of Week 7 = Approved,Approved unchanged from reviewed REAL50 candidate; effective Week 7.,0,27
9,team-009-missouri,MIZ,Missouri,2026-W07,APPROVED_REMAINDER,84,83,85,86,86,86,86,86,86,86,86,86,2,3,1,0,0,0,,Rest of Week 7 = Approved,Approved unchanged from reviewed REAL50 candidate; effective Week 7.,0,28
10,team-010-oklahoma,OU,Oklahoma,2026-W07,APPROVED_REMAINDER,90,88,92,86,81,91,86,81,91,86,81,91,-4,-7,-1,0,0,0,,Rest of Week 7 = Approved,Approved unchanged from reviewed REAL50 candidate; effective Week 7.,0,29
11,team-011-ole-miss,MISS,Ole Miss,2026-W07,APPROVED_REMAINDER,92,94,90,86,89,83,86,89,83,86,89,83,-6,-5,-7,0,0,0,,Rest of Week 7 = Approved,Approved unchanged from reviewed REAL50 candidate; effective Week 7.,0,30
28,team-028-penn-state,PSU,Penn State,2026-W07,APPROVED_REMAINDER,88,88,88,86,85,87,86,85,87,86,85,87,-2,-3,-1,0,0,0,,Rest of Week 7 = Approved,Approved unchanged from reviewed REAL50 candidate; effective Week 7.,0,31
15,team-015-texas-a-and-m,TA&M,Texas A&M,2026-W07,APPROVED_REMAINDER,91,92,90,86,85,87,86,85,87,86,85,87,-5,-7,-3,0,0,0,,Rest of Week 7 = Approved,Approved unchanged from reviewed REAL50 candidate; effective Week 7.,0,32
48,team-048-ucf,UCF,UCF,2026-W07,APPROVED_REMAINDER,86,84,88,86,84,88,86,84,88,86,84,88,0,0,0,0,0,0,,Rest of Week 7 = Approved,Approved unchanged from reviewed REAL50 candidate; effective Week 7.,0,33
65,team-065-virginia,UVA,Virginia,2026-W07,APPROVED_REMAINDER,91,92,90,86,86,86,86,86,86,86,86,86,-5,-6,-4,0,0,0,,Rest of Week 7 = Approved,Approved unchanged from reviewed REAL50 candidate; effective Week 7.,0,34
21,team-021-michigan,MICH,Michigan,2026-W07,APPROVED_REMAINDER,94,92,96,85,81,89,85,81,89,85,81,89,-9,-11,-7,0,0,0,,Rest of Week 7 = Approved,Approved unchanged from reviewed REAL50 candidate; effective Week 7.,0,35
61,team-061-pittsburgh,PITT,Pittsburgh,2026-W07,APPROVED_REMAINDER,83,82,84,85,84,86,85,84,86,85,84,86,2,2,2,0,0,0,,Rest of Week 7 = Approved,Approved unchanged from reviewed REAL50 candidate; effective Week 7.,0,36
66,team-066-virginia-tech,VT,Virginia Tech,2026-W07,APPROVED_REMAINDER,86,85,87,85,87,83,85,87,83,85,87,83,-1,2,-4,0,0,0,,Rest of Week 7 = Approved,Approved unchanged from reviewed REAL50 candidate; effective Week 7.,0,37
67,team-067-wake-forest,WAKE,Wake Forest,2026-W07,APPROVED_REMAINDER,86,86,86,85,85,85,85,85,85,85,85,85,-1,-1,-1,0,0,0,,Rest of Week 7 = Approved,Approved unchanged from reviewed REAL50 candidate; effective Week 7.,0,38
55,team-055-florida-state,FSU,Florida State,2026-W07,APPROVED_REMAINDER,85,87,83,84,85,83,84,85,83,84,85,83,-1,-2,0,0,0,0,,Rest of Week 7 = Approved,Approved unchanged from reviewed REAL50 candidate; effective Week 7.,0,39
6,team-006-kentucky,UK,Kentucky,2026-W07,APPROVED_REMAINDER,87,89,85,84,85,83,84,85,83,84,85,83,-3,-4,-2,0,0,0,,Rest of Week 7 = Approved,Approved unchanged from reviewed REAL50 candidate; effective Week 7.,0,40
57,team-057-louisville,LOU,Louisville,2026-W07,APPROVED_REMAINDER,87,87,87,84,87,81,84,87,81,84,87,81,-3,0,-6,0,0,0,,Rest of Week 7 = Approved,Approved unchanged from reviewed REAL50 candidate; effective Week 7.,0,41
16,team-016-vanderbilt,VAN,Vanderbilt,2026-W07,APPROVED_REMAINDER,91,92,90,84,83,85,84,83,85,84,83,85,-7,-9,-5,0,0,0,,Rest of Week 7 = Approved,Approved unchanged from reviewed REAL50 candidate; effective Week 7.,0,42
86,team-086-army,ARMY,Army,2026-W07,APPROVED_REMAINDER,83,82,84,83,82,84,83,82,84,83,82,84,0,0,0,0,0,0,,Rest of Week 7 = Approved,Approved unchanged from reviewed REAL50 candidate; effective Week 7.,0,43
17,team-017-illinois,ILL,Illinois,2026-W07,APPROVED_REMAINDER,91,92,90,83,84,82,83,84,82,83,84,82,-8,-8,-8,0,0,0,,Rest of Week 7 = Approved,Approved unchanged from reviewed REAL50 candidate; effective Week 7.,0,44
25,team-025-northwestern,NU,Northwestern,2026-W07,APPROVED_REMAINDER,82,81,83,83,82,84,83,82,84,83,82,84,1,1,1,0,0,0,,Rest of Week 7 = Approved,Approved unchanged from reviewed REAL50 candidate; effective Week 7.,0,45
33,team-033-washington,WASH,Washington,2026-W07,APPROVED_REMAINDER,90,89,91,83,81,85,83,81,85,83,81,85,-7,-8,-6,0,0,0,,Rest of Week 7 = Approved,Approved unchanged from reviewed REAL50 candidate; effective Week 7.,0,46
3,team-003-auburn,AUB,Auburn,2026-W07,APPROVED_REMAINDER,85,85,85,82,80,84,82,80,84,82,80,84,-3,-5,-1,0,0,0,,Rest of Week 7 = Approved,Approved unchanged from reviewed REAL50 candidate; effective Week 7.,0,47
39,team-039-cincinnati,CIN,Cincinnati,2026-W07,APPROVED_REMAINDER,88,88,88,82,83,81,82,83,81,82,83,81,-6,-5,-7,0,0,0,,Rest of Week 7 = Approved,Approved unchanged from reviewed REAL50 candidate; effective Week 7.,0,48
44,team-044-kansas-state,KSU,Kansas State,2026-W07,APPROVED_REMAINDER,82,81,83,82,82,82,82,82,82,82,82,82,0,1,-1,0,0,0,,Rest of Week 7 = Approved,Approved unchanged from reviewed REAL50 candidate; effective Week 7.,0,49
79,team-079-new-mexico,NM,New Mexico,2026-W07,APPROVED_REMAINDER,74,73,75,82,82,82,82,82,82,82,82,82,8,9,7,0,0,0,,Rest of Week 7 = Approved,Approved unchanged from reviewed REAL50 candidate; effective Week 7.,0,50
60,team-060-north-carolina,UNC,North Carolina,2026-W07,APPROVED_REMAINDER,85,83,87,82,80,84,82,80,84,82,80,84,-3,-3,-3,0,0,0,,Rest of Week 7 = Approved,Approved unchanged from reviewed REAL50 candidate; effective Week 7.,0,51
71,team-071-oregon-state,ORST,Oregon State,2026-W07,APPROVED_REMAINDER,77,76,78,82,82,82,82,82,82,82,82,82,5,6,4,0,0,0,,Rest of Week 7 = Approved,Approved unchanged from reviewed REAL50 candidate; effective Week 7.,0,52
95,team-095-south-florida,USF,South Florida,2026-W07,APPROVED_REMAINDER,84,83,85,82,79,85,82,79,85,82,79,85,-2,-4,0,0,0,0,,Rest of Week 7 = Approved,Approved unchanged from reviewed REAL50 candidate; effective Week 7.,0,53
46,team-046-tcu,TCU,TCU,2026-W07,APPROVED_REMAINDER,82,80,84,82,77,87,82,77,87,82,77,87,0,-3,3,0,0,0,,Rest of Week 7 = Approved,Approved unchanged from reviewed REAL50 candidate; effective Week 7.,0,54
34,team-034-wisconsin,WIS,Wisconsin,2026-W07,APPROVED_REMAINDER,79,78,80,82,81,83,82,81,83,82,81,83,3,3,3,0,0,0,,Rest of Week 7 = Approved,Approved unchanged from reviewed REAL50 candidate; effective Week 7.,0,55
38,team-038-baylor,BAY,Baylor,2026-W07,APPROVED_REMAINDER,76,74,78,81,79,83,81,79,83,81,79,83,5,5,5,0,0,0,,Rest of Week 7 = Approved,Approved unchanged from reviewed REAL50 candidate; effective Week 7.,0,56
53,team-053-clemson,CLEM,Clemson,2026-W07,APPROVED_REMAINDER,86,87,85,81,79,83,81,79,83,81,79,83,-5,-8,-2,0,0,0,,Rest of Week 7 = Approved,Approved unchanged from reviewed REAL50 candidate; effective Week 7.,0,57
107,team-107-georgia-state,GAST,Georgia State,2026-W07,APPROVED_REMAINDER,77,77,77,81,83,79,81,83,79,81,83,79,4,6,2,0,0,0,,Rest of Week 7 = Approved,Approved unchanged from reviewed REAL50 candidate; effective Week 7.,0,58
59,team-059-nc-state,NCSU,NC State,2026-W07,APPROVED_REMAINDER,80,81,79,81,83,79,81,83,79,81,83,79,1,2,0,0,0,0,,Rest of Week 7 = Approved,Approved unchanged from reviewed REAL50 candidate; effective Week 7.,0,59
80,team-080-north-dakota-state,NDSU,North Dakota State,2026-W07,APPROVED_REMAINDER,75,78,72,81,81,81,81,81,81,81,81,81,6,3,9,0,0,0,,Rest of Week 7 = Approved,Approved unchanged from reviewed REAL50 candidate; effective Week 7.,0,60
115,team-115-holy-cross,HC,Holy Cross,2026-W07,APPROVED_TEAM_WITH_COMPONENT_DERIVATION,80,81,79,76,77,75,80,81,79,80,81,79,0,0,0,0,0,0,,Holy Cross - TEAM +4,"Interpreted +4 from reviewed TEAM76 to80. OFF81/DEF79 preserve reviewed OFF-DEF spread2 and OFF+DEF=2TEAM; derived component values, not separately quoted by Chairman. Restores prior approved80/81/79.",0,61
20,team-020-maryland,MD,Maryland,2026-W07,APPROVED_REMAINDER,80,81,79,79,80,78,79,80,78,79,80,78,-1,-1,-1,0,0,0,,Rest of Week 7 = Approved,Approved unchanged from reviewed REAL50 candidate; effective Week 7.,0,62
22,team-022-michigan-state,MSU,Michigan State,2026-W07,APPROVED_REMAINDER,81,81,81,79,75,83,79,75,83,79,75,83,-2,-6,2,0,0,0,,Rest of Week 7 = Approved,Approved unchanged from reviewed REAL50 candidate; effective Week 7.,0,63
91,team-091-navy,NAVY,Navy,2026-W07,APPROVED_REMAINDER,77,75,79,79,77,81,79,77,81,79,77,81,2,2,2,0,0,0,,Rest of Week 7 = Approved,Approved unchanged from reviewed REAL50 candidate; effective Week 7.,0,64
99,team-099-tulsa,TLSA,Tulsa,2026-W07,APPROVED_REMAINDER,79,77,81,79,76,82,79,76,82,79,76,82,0,-1,1,0,0,0,,Rest of Week 7 = Approved,Approved unchanged from reviewed REAL50 candidate; effective Week 7.,0,65
121,team-121-uconn,UConn,UConn,2026-W07,APPROVED_REMAINDER,78,80,76,79,82,76,79,82,76,79,82,76,1,2,0,0,0,0,,Rest of Week 7 = Approved,Approved unchanged from reviewed REAL50 candidate; effective Week 7.,0,66
52,team-052-california,CAL,California,2026-W07,APPROVED_REMAINDER,79,79,79,78,78,78,78,78,78,78,78,78,-1,-1,-1,0,0,0,,Rest of Week 7 = Approved,Approved unchanged from reviewed REAL50 candidate; effective Week 7.,0,67
112,team-112-colgate,COLG,Colgate,2026-W07,APPROVED_EXPLICIT,77,79,75,78,76,80,78,76,80,78,76,80,1,-3,5,0,0,0,,Explicit team ruling / tested ECL option,Chairman approved these exact Week 7 values.,0,68
70,team-070-fresno-state,FRES,Fresno State,2026-W07,APPROVED_REMAINDER,72,71,73,78,75,81,78,75,81,78,75,81,6,4,8,0,0,0,,Rest of Week 7 = Approved,Approved unchanged from reviewed REAL50 candidate; effective Week 7.,0,69
56,team-056-georgia-tech,GT,Georgia Tech,2026-W07,APPROVED_REMAINDER,82,81,83,78,77,79,78,77,79,78,77,79,-4,-4,-4,0,0,0,,Rest of Week 7 = Approved,Approved unchanged from reviewed REAL50 candidate; effective Week 7.,0,70
42,team-042-iowa-state,ISU,Iowa State,2026-W07,APPROVED_REMAINDER,76,76,76,78,79,77,78,79,77,78,79,77,2,3,1,0,0,0,,Rest of Week 7 = Approved,Approved unchanged from reviewed REAL50 candidate; effective Week 7.,0,71
43,team-043-kansas,KU,Kansas,2026-W07,APPROVED_REMAINDER,75,74,76,78,77,79,78,77,79,78,77,79,3,3,3,0,0,0,,Rest of Week 7 = Approved,Approved unchanged from reviewed REAL50 candidate; effective Week 7.,0,72
23,team-023-minnesota,MINN,Minnesota,2026-W07,APPROVED_REMAINDER,78,78,78,78,77,79,78,77,79,78,77,79,0,-1,1,0,0,0,,Rest of Week 7 = Approved,Approved unchanged from reviewed REAL50 candidate; effective Week 7.,0,73
93,team-093-north-texas,UNT,North Texas,2026-W07,APPROVED_REMAINDER,72,74,70,78,83,73,78,83,73,78,83,73,6,9,3,0,0,0,,Rest of Week 7 = Approved,Approved unchanged from reviewed REAL50 candidate; effective Week 7.,0,74
101,team-101-utsa,UTSA,UTSA,2026-W07,APPROVED_REMAINDER,75,78,72,78,80,76,78,80,76,78,80,76,3,2,4,0,0,0,,Rest of Week 7 = Approved,Approved unchanged from reviewed REAL50 candidate; effective Week 7.,0,75
50,team-050-west-virginia,WVU,West Virginia,2026-W07,APPROVED_REMAINDER,76,77,75,78,82,74,78,82,74,78,82,74,2,5,-1,0,0,0,,Rest of Week 7 = Approved,Approved unchanged from reviewed REAL50 candidate; effective Week 7.,0,76
36,team-036-arizona-state,ASU,Arizona State,2026-W07,APPROVED_REMAINDER,79,80,78,77,81,73,77,81,73,77,81,73,-2,1,-5,0,0,0,,Rest of Week 7 = Approved,Approved unchanged from reviewed REAL50 candidate; effective Week 7.,0,77
12,team-012-south-carolina,SC,South Carolina,2026-W07,APPROVED_REMAINDER,73,73,73,77,79,75,77,79,75,77,79,75,4,6,2,0,0,0,,Rest of Week 7 = Approved,Approved unchanged from reviewed REAL50 candidate; effective Week 7.,0,78
64,team-064-syracuse,SYR,Syracuse,2026-W07,APPROVED_REMAINDER,71,72,70,77,78,76,77,78,76,77,78,76,6,6,6,0,0,0,,Rest of Week 7 = Approved,Approved unchanged from reviewed REAL50 candidate; effective Week 7.,0,79
98,team-098-tulane,TLN,Tulane,2026-W07,APPROVED_REMAINDER,77,77,77,77,74,80,77,74,80,77,74,80,0,-3,3,0,0,0,,Rest of Week 7 = Approved,Approved unchanged from reviewed REAL50 candidate; effective Week 7.,0,80
2,team-002-arkansas,ARK,Arkansas,2026-W07,APPROVED_REMAINDER,78,77,79,76,74,78,76,74,78,76,74,78,-2,-3,-1,0,0,0,,Rest of Week 7 = Approved,Approved unchanged from reviewed REAL50 candidate; effective Week 7.,0,81
88,team-088-florida-atlantic,FAU,Florida Atlantic,2026-W07,APPROVED_REMAINDER,73,74,72,76,78,74,76,78,74,76,78,74,3,4,2,0,0,0,,Rest of Week 7 = Approved,Approved unchanged from reviewed REAL50 candidate; effective Week 7.,0,82
97,team-097-temple,TEM,Temple,2026-W07,APPROVED_REMAINDER,74,73,75,76,74,78,76,74,78,76,74,78,2,1,3,0,0,0,,Rest of Week 7 = Approved,Approved unchanged from reviewed REAL50 candidate; effective Week 7.,0,83
83,team-083-unlv,UNLV,UNLV,2026-W07,APPROVED_REMAINDER,72,72,72,76,74,78,76,74,78,76,74,78,4,2,6,0,0,0,,Rest of Week 7 = Approved,Approved unchanged from reviewed REAL50 candidate; effective Week 7.,0,84
74,team-074-utah-state,USU,Utah State,2026-W07,APPROVED_REMAINDER,76,76,76,76,73,79,76,73,79,76,73,79,0,-3,3,0,0,0,,Rest of Week 7 = Approved,Approved unchanged from reviewed REAL50 candidate; effective Week 7.,0,85
29,team-029-purdue,PUR,Purdue,2026-W07,APPROVED_REMAINDER,72,73,71,75,76,74,75,76,74,75,76,74,3,3,3,0,0,0,,Rest of Week 7 = Approved,Approved unchanged from reviewed REAL50 candidate; effective Week 7.,0,86
72,team-072-san-diego-state,SDSU,San Diego State,2026-W07,APPROVED_REMAINDER,74,74,74,75,73,77,75,73,77,75,73,77,1,-1,3,0,0,0,,Rest of Week 7 = Approved,Approved unchanged from reviewed REAL50 candidate; effective Week 7.,0,87
40,team-040-colorado,COLO,Colorado,2026-W07,APPROVED_REMAINDER,71,69,73,74,70,78,74,70,78,74,70,78,3,1,5,0,0,0,,Rest of Week 7 = Approved,Approved unchanged from reviewed REAL50 candidate; effective Week 7.,0,88
87,team-087-east-carolina,ECU,East Carolina,2026-W07,APPROVED_REMAINDER,69,69,69,74,72,76,74,72,76,74,72,76,5,3,7,0,0,0,,Rest of Week 7 = Approved,Approved unchanged from reviewed REAL50 candidate; effective Week 7.,0,89
117,team-117-penn,PENN,Penn,2026-W07,APPROVED_REMAINDER,75,78,72,74,76,72,74,76,72,74,76,72,-1,-2,0,0,0,0,,Rest of Week 7 = Approved,Approved unchanged from reviewed REAL50 candidate; effective Week 7.,0,90
73,team-073-texas-state,TXST,Texas State,2026-W07,APPROVED_REMAINDER,71,73,69,74,79,69,74,79,69,74,79,69,3,6,0,0,0,0,,Rest of Week 7 = Approved,Approved unchanged from reviewed REAL50 candidate; effective Week 7.,0,91
76,team-076-air-force,AF,Air Force,2026-W07,APPROVED_REMAINDER,68,70,66,73,72,74,73,72,74,73,72,74,5,2,8,0,0,0,,Rest of Week 7 = Approved,Approved unchanged from reviewed REAL50 candidate; effective Week 7.,0,92
69,team-069-colorado-state,CSU,Colorado State,2026-W07,APPROVED_REMAINDER,73,72,74,73,79,67,73,79,67,73,79,67,0,7,-7,0,0,0,,Rest of Week 7 = Approved,Approved unchanged from reviewed REAL50 candidate; effective Week 7.,0,93
104,team-104-delaware,DEL,Delaware,2026-W07,APPROVED_REMAINDER,73,71,75,73,71,75,73,71,75,73,71,75,0,0,0,0,0,0,,Rest of Week 7 = Approved,Approved unchanged from reviewed REAL50 candidate; effective Week 7.,0,94
105,team-105-florida-international,FIU,Florida International,2026-W07,APPROVED_REMAINDER,68,66,70,73,67,79,73,67,79,73,67,79,5,1,9,0,0,0,,Rest of Week 7 = Approved,Approved unchanged from reviewed REAL50 candidate; effective Week 7.,0,95
89,team-089-louisiana-tech,LT,Louisiana Tech,2026-W07,APPROVED_REMAINDER,64,64,64,73,75,71,73,75,71,73,75,71,9,11,7,0,0,0,,Rest of Week 7 = Approved,Approved unchanged from reviewed REAL50 candidate; effective Week 7.,0,96
82,team-082-san-jose-state,SJSU,San Jose State,2026-W07,APPROVED_REMAINDER,67,66,68,72,70,74,72,70,74,72,70,74,5,4,6,0,0,0,,Rest of Week 7 = Approved,Approved unchanged from reviewed REAL50 candidate; effective Week 7.,0,97
111,team-111-troy,TROY,Troy,2026-W07,APPROVED_REMAINDER,65,63,67,72,69,75,72,69,75,72,69,75,7,6,8,0,0,0,,Rest of Week 7 = Approved,Approved unchanged from reviewed REAL50 candidate; effective Week 7.,0,98
51,team-051-boston-college,BC,Boston College,2026-W07,APPROVED_REMAINDER,68,66,70,71,66,76,71,66,76,71,66,76,3,0,6,0,0,0,,Rest of Week 7 = Approved,Approved unchanged from reviewed REAL50 candidate; effective Week 7.,0,99
106,team-106-georgia-southern,GASO,Georgia Southern,2026-W07,APPROVED_EXPLICIT,61,61,61,71,70,72,71,70,72,71,70,72,10,9,11,0,0,0,,Explicit team ruling / tested ECL option,Chairman approved these exact Week 7 values. Explicitly limited to Week 7; no automatic future-week carryover.,0,100
108,team-108-marshall,MRSH,Marshall,2026-W07,APPROVED_REMAINDER,68,68,68,71,72,70,71,72,70,71,72,70,3,4,2,0,0,0,,Rest of Week 7 = Approved,Approved unchanged from reviewed REAL50 candidate; effective Week 7.,0,101
75,team-075-washington-state,WSU,Washington State,2026-W07,APPROVED_REMAINDER,70,70,70,71,69,73,71,69,73,71,69,73,1,-1,3,0,0,0,,Rest of Week 7 = Approved,Approved unchanged from reviewed REAL50 candidate; effective Week 7.,0,102
102,team-102-buffalo,BUFF,Buffalo,2026-W07,APPROVED_REMAINDER,69,67,71,70,70,70,70,70,70,70,70,70,1,3,-1,0,0,0,,Rest of Week 7 = Approved,Approved unchanged from reviewed REAL50 candidate; effective Week 7.,0,103
103,team-103-coastal-carolina,CCU,Coastal Carolina,2026-W07,APPROVED_REMAINDER,66,64,68,70,68,72,70,68,72,70,68,72,4,4,4,0,0,0,,Rest of Week 7 = Approved,Approved unchanged from reviewed REAL50 candidate; effective Week 7.,0,104
113,team-113-cornell,COR,Cornell,2026-W07,APPROVED_EXPLICIT,65,66,64,65,66,64,70,71,69,70,71,69,5,5,5,0,0,0,,Explicit team ruling / tested ECL option,Chairman approved these exact Week 7 values.,0,105
114,team-114-harvard,HARV,Harvard,2026-W07,APPROVED_EXPLICIT,61,61,61,62,61,63,70,69,71,70,69,71,9,8,10,0,0,0,,Explicit team ruling / tested ECL option,Chairman approved these exact Week 7 values.,0,106
110,team-110-old-dominion,ODU,Old Dominion,2026-W07,APPROVED_REMAINDER,70,67,73,70,68,72,70,68,72,70,68,72,0,1,-1,0,0,0,,Rest of Week 7 = Approved,Approved unchanged from reviewed REAL50 candidate; effective Week 7.,0,107
118,team-118-princeton,PRIN,Princeton,2026-W07,APPROVED_EXPLICIT,67,68,66,67,68,66,70,71,69,70,71,69,3,3,3,0,0,0,,Explicit team ruling / tested ECL option,Chairman approved these exact Week 7 values.,0,108
100,team-100-uab,UAB,UAB,2026-W07,APPROVED_REMAINDER,65,65,65,70,68,72,70,68,72,70,68,72,5,3,7,0,0,0,,Rest of Week 7 = Approved,Approved unchanged from reviewed REAL50 candidate; effective Week 7.,0,109
119,team-119-yale,YALE,Yale,2026-W07,APPROVED_EXPLICIT,64,65,63,64,65,63,70,71,69,70,71,69,6,6,6,0,0,0,,Explicit team ruling / tested ECL option,Chairman approved these exact Week 7 values.,0,110
30,team-030-rutgers,RUTG,Rutgers,2026-W07,APPROVED_REMAINDER,66,66,66,69,72,66,69,72,66,69,72,66,3,6,0,0,0,0,,Rest of Week 7 = Approved,Approved unchanged from reviewed REAL50 candidate; effective Week 7.,0,111
96,team-096-southern-miss,USM,Southern Miss,2026-W07,APPROVED_REMAINDER,64,66,62,69,70,68,69,70,68,69,70,68,5,4,6,0,0,0,,Rest of Week 7 = Approved,Approved unchanged from reviewed REAL50 candidate; effective Week 7.,0,112
78,team-078-nevada,NEV,Nevada,2026-W07,APPROVED_REMAINDER,63,63,63,68,67,69,68,67,69,68,67,69,5,4,6,0,0,0,,Rest of Week 7 = Approved,Approved unchanged from reviewed REAL50 candidate; effective Week 7.,0,113
92,team-092-new-mexico-state,NMSU,New Mexico State,2026-W07,APPROVED_EXPLICIT,60,60,60,68,68,68,68,68,68,68,68,68,8,8,8,0,0,0,,Explicit team ruling / tested ECL option,Chairman approved these exact Week 7 values. Explicitly limited to Week 7; no automatic future-week carryover.,0,114
81,team-081-northern-illinois,NIU,Northern Illinois,2026-W07,APPROVED_REMAINDER,64,64,64,68,67,69,68,67,69,68,67,69,4,3,5,0,0,0,,Rest of Week 7 = Approved,Approved unchanged from reviewed REAL50 candidate; effective Week 7.,0,115
63,team-063-stanford,STAN,Stanford,2026-W07,APPROVED_REMAINDER,69,70,68,68,70,66,68,70,66,68,70,66,-1,0,-2,0,0,0,,Rest of Week 7 = Approved,Approved unchanged from reviewed REAL50 candidate; effective Week 7.,0,116
109,team-109-middle-tennessee,MTSU,Middle Tennessee,2026-W07,APPROVED_REMAINDER,61,61,61,67,66,68,67,66,68,67,66,68,6,5,7,0,0,0,,Rest of Week 7 = Approved,Approved unchanged from reviewed REAL50 candidate; effective Week 7.,0,117
85,team-085-wyoming,WYO,Wyoming,2026-W07,APPROVED_REMAINDER,62,61,63,67,62,72,67,62,72,67,62,72,5,1,9,0,0,0,,Rest of Week 7 = Approved,Approved unchanged from reviewed REAL50 candidate; effective Week 7.,0,118
77,team-077-hawaii,HAW,Hawaii,2026-W07,APPROVED_REMAINDER,61,60,62,65,63,67,65,63,67,65,63,67,4,3,5,0,0,0,,Rest of Week 7 = Approved,Approved unchanged from reviewed REAL50 candidate; effective Week 7.,0,119
94,team-094-rice,RICE,Rice,2026-W07,PRIOR_APPROVED_VALUES_RETAINED,63,63,63,68,66,70,63,63,63,63,63,63,0,0,0,0,0,0,,Rice - reject blended ratings,REAL50 68/66/70 rejected. Existing approved63/63/63 retained; no new replacement or synthetic-only update is inferred approved.,0,120
84,team-084-utep,UTEP,UTEP,2026-W07,APPROVED_REMAINDER,60,60,60,63,65,61,63,65,61,63,65,61,3,5,1,0,0,0,,Rest of Week 7 = Approved,Approved unchanged from reviewed REAL50 candidate; effective Week 7.,0,121
