Team,Short,TEAM,OFF,DEF
Georgia,UGA,99,99,99
Texas,TEX,99,99,99
Notre Dame,ND,98,98,98
Ohio State,OSU,98,99,97
Indiana,IU,98,98,98
Miami,MIA,97,97,97
Texas Tech,TTU,97,97,97
Utah,UTAH,97,97,97
BYU,BYU,96,95,97
LSU,LSU,95,95,95
Alabama,ALA,95,97,93
Tennessee,TENN,95,94,96
Michigan,MICH,94,92,96
Oregon,ORE,94,96,92
Arizona,ARIZ,93,92,94
USC,USC,93,95,91
SMU,SMU,93,91,95
Duke,DUKE,92,91,93
Ole Miss,MISS,92,94,90
Vanderbilt,VAN,91,92,90
Texas A&M,TA&M,91,92,90
Iowa,IOWA,91,89,93
Houston,HOU,91,92,90
Virginia,UVA,91,92,90
Illinois,ILL,91,92,90
UCLA,UCLA,91,92,90
Washington,WASH,90,89,91
Oklahoma,OU,90,88,92
Mississippi State,MSST,89,90,88
Florida,FLA,89,91,87
Oklahoma State,OKST,88,90,86
Cincinnati,CIN,88,88,88
Penn State,PSU,88,88,88
Kentucky,UK,87,89,85
Louisville,LOU,87,87,87
Nebraska,NEB,87,89,85
Boise State,BOISE,87,87,87
Memphis,MEM,86,87,85
Virginia Tech,VT,86,85,87
Wake Forest,WAKE,86,86,86
UCF,UCF,86,84,88
Clemson,CLEM,86,87,85
Auburn,AUB,85,85,85
North Carolina,UNC,85,83,87
Lehigh,LEH,85,85,85
Florida State,FSU,85,87,83
Missouri,MIZ,84,83,85
South Florida,USF,84,83,85
Pittsburgh,PITT,83,82,84
Army,ARMY,83,82,84
Northwestern,NU,82,81,83
TCU,TCU,82,80,84
Kansas State,KSU,82,81,83
Georgia Tech,GT,82,81,83
Michigan State,MSU,81,81,81
Holy Cross,HC,80,81,79
Maryland,MD,80,81,79
NC State,NCSU,80,81,79
California,CAL,79,79,79
Arizona State,ASU,79,80,78
Tulsa,TLSA,79,77,81
Wisconsin,WIS,79,78,80
Minnesota,MINN,78,78,78
Arkansas,ARK,78,77,79
UConn,UConn,78,80,76
Colgate,COLG,77,79,75
Georgia State,GAST,77,77,77
Navy,NAVY,77,75,79
Tulane,TLN,77,77,77
Oregon State,ORST,77,76,78
Iowa State,ISU,76,76,76
West Virginia,WVU,76,77,75
Baylor,BAY,76,74,78
Utah State,USU,76,76,76
North Dakota State,NDSU,75,78,72
Kansas,KU,75,74,76
UTSA,UTSA,75,78,72
Penn,PENN,75,78,72
New Mexico,NM,74,73,75
San Diego State,SDSU,74,74,74
Temple,TEM,74,73,75
Florida Atlantic,FAU,73,74,72
Colorado State,CSU,73,72,74
Delaware,DEL,73,71,75
South Carolina,SC,73,73,73
Purdue,PUR,72,73,71
North Texas,UNT,72,74,70
UNLV,UNLV,72,72,72
Fresno State,FRES,72,71,73
Syracuse,SYR,71,72,70
Texas State,TXST,71,73,69
Colorado,COLO,71,69,73
Old Dominion,ODU,70,67,73
Washington State,WSU,70,70,70
Stanford,STAN,69,70,68
Buffalo,BUFF,69,67,71
East Carolina,ECU,69,69,69
Boston College,BC,68,66,70
Air Force,AF,68,70,66
Marshall,MRSH,68,68,68
Florida International,FIU,68,66,70
San Jose State,SJSU,67,66,68
Princeton,PRIN,67,68,66
Coastal Carolina,CCU,66,64,68
Rutgers,RUTG,66,66,66
Troy,TROY,65,63,67
UAB,UAB,65,65,65
Cornell,COR,65,66,64
Louisiana Tech,LT,64,64,64
Northern Illinois,NIU,64,64,64
Southern Miss,USM,64,66,62
Yale,YALE,64,65,63
Rice,RICE,63,63,63
Nevada,NEV,63,63,63
Wyoming,WYO,62,61,63
Harvard,HARV,61,61,61
Hawaii,HAW,61,60,62
Middle Tennessee,MTSU,61,61,61
Georgia Southern,GASO,61,61,61
New Mexico State,NMSU,60,60,60
UTEP,UTEP,60,60,60
